insert into produit (activated, date_sortie, description, editeur, lien_image, prix, support, titre, id) 
values ('true','2014-07-30', 'lien/desc','Sony Computer Entertainment','../../assets/images/png/PS4/The Last of Us Remastered.png', 59, 'PS4', 'The Last of Us Remastered', 1);
insert into produit_genres (produit_id, genres) 
values (1, 'ACTION');
insert into produit_genres (produit_id, genres) 
values (1, 'SURVIVALHORROR');

insert into produit (activated, date_sortie, description, editeur, lien_image, prix, support, titre, id) 
values ('true','2018-10-05', 'lien/desc','Ubisoft','../../assets/images/png/PS4/Assassin''s Creed Odyssey.png', 69, 'PS4', 'Assassin''s Creed Odyssey', 2);
insert into produit_genres (produit_id, genres) 
values (2, 'ACTION');
insert into produit_genres (produit_id, genres) 
values (2, 'INFILTRATION');
insert into produit_genres (produit_id, genres) 
values (2, 'RPG');
insert into produit_genres (produit_id, genres) 
values (2, 'ACTIONRPG');
insert into produit_genres (produit_id, genres) 
values (2, 'OPENWORLD');

insert into produit (activated, date_sortie, description, editeur, lien_image, prix, support, titre, id) 
values ('true','2018-10-05', 'lien/desc','Ubisoft','../../assets/images/png/PC/Assassin''s Creed Odyssey.png', 49, 'PC', 'Assassin''s Creed Odyssey', 3);
insert into produit_genres (produit_id, genres) 
values (3, 'ACTION');
insert into produit_genres (produit_id, genres) 
values (3, 'INFILTRATION');
insert into produit_genres (produit_id, genres) 
values (3, 'RPG');
insert into produit_genres (produit_id, genres) 
values (3, 'ACTIONRPG');
insert into produit_genres (produit_id, genres) 
values (3, 'OPENWORLD');

insert into produit (activated, date_sortie, description, editeur, lien_image, prix, support, titre, id) 
values ('true','2018-10-05', 'lien/desc','Ubisoft','../../assets/images/png/XBOXONE/Assassin''s Creed Odyssey.png', 59, 'XBOXONE', 'Assassin''s Creed Odyssey', 4);
insert into produit_genres (produit_id, genres) 
values (4, 'ACTION');
insert into produit_genres (produit_id, genres) 
values (4, 'INFILTRATION');
insert into produit_genres (produit_id, genres) 
values (4, 'RPG');
insert into produit_genres (produit_id, genres) 
values (4, 'ACTIONRPG');
insert into produit_genres (produit_id, genres) 
values (4, 'OPENWORLD');

insert into produit (activated, date_sortie, description, editeur, lien_image, prix, support, titre, id) 
values ('true','1998-11-19', 'lien/desc','Sierra','../../assets/images/png/PC/Half Life.png', 59, 'PC', 'Half Life', 5);
insert into produit_genres (produit_id, genres) 
values (5, 'FPS');

insert into produit (activated, date_sortie, description, editeur, lien_image, prix, support, titre, id) 
values ('true','2018-11-26', 'lien/desc','Rockstar Games','../../assets/images/png/XBOXONE/Red Dead Redemption II.png', 59, 'XBOXONE', 'Red Dead Redemption II', 6);
insert into produit_genres (produit_id, genres) 
values (6, 'TPS');
insert into produit_genres (produit_id, genres) 
values (6, 'SHOOTER');

insert into produit (activated, date_sortie, description, editeur, lien_image, prix, support, titre, id) 
values ('true','2018-11-26', 'lien/desc','Rockstar Games','../../assets/images/png/PS4/Red Dead Redemption II.png', 59, 'PS4', 'Red Dead Redemption II', 7);
insert into produit_genres (produit_id, genres) 
values (7, 'TPS');
insert into produit_genres (produit_id, genres) 
values (7, 'SHOOTER');

insert into produit (activated, date_sortie, description, editeur, lien_image, prix, support, titre, id) 
values ('true','2018-08-07', 'lien/desc','Rockstar Games','../../assets/images/png/PS4/Dead Cells.png', 29, 'PS4', 'Dead Cells', 8);
insert into produit_genres (produit_id, genres) 
values (8, 'ROGUELIKE');
insert into produit_genres (produit_id, genres) 
values (8, 'ADVENTURE');
insert into produit_genres (produit_id, genres) 
values (8, 'PLATEFORME');

insert into produit (activated, date_sortie, description, editeur, lien_image, prix, support, titre, id) 
values ('true','2018-08-07', 'lien/desc','Rockstar Games','../../assets/images/png/PC/Dead Cells.png', 29, 'PC', 'Dead Cells', 9);
insert into produit_genres (produit_id, genres) 
values (9, 'ROGUELIKE');
insert into produit_genres (produit_id, genres) 
values (9, 'ADVENTURE');
insert into produit_genres (produit_id, genres) 
values (9, 'PLATEFORME');

insert into produit (activated, date_sortie, description, editeur, lien_image, prix, support, titre, id) 
values ('true','2018-08-07', 'lien/desc','Rockstar Games','../../assets/images/png/XBOXONE/Dead Cells.png', 29, 'XBOXONE', 'Dead Cells', 10);
insert into produit_genres (produit_id, genres) 
values (10, 'ROGUELIKE');
insert into produit_genres (produit_id, genres) 
values (10, 'ADVENTURE');
insert into produit_genres (produit_id, genres) 
values (10, 'PLATEFORME');

insert into produit (activated, date_sortie, description, editeur, lien_image, prix, support, titre, id) 
values ('true','2018-08-30', 'lien/desc','Sega','../../assets/images/png/PC/Two Point Hospital.png', 14.90, 'PC', 'Two Point Hospital', 11);
insert into produit_genres (produit_id, genres) 
values (11, 'GESTION');

insert into produit (activated, date_sortie, description, editeur, lien_image, prix, support, titre, id) 
values ('true','2017-09-06', 'lien/desc','Activision','../../assets/images/png/PS4/Destiny 2.png', 34.90, 'PS4', 'Destiny 2', 12);
insert into produit_genres (produit_id, genres) 
values (12, 'ACTIONRPG');

insert into produit (activated, date_sortie, description, editeur, lien_image, prix, support, titre, id) 
values ('true','2017-09-06', 'lien/desc','Activision','../../assets/images/png/XBOXONE/Destiny 2.png', 34.90, 'XBOXONE', 'Destiny 2', 13);
insert into produit_genres (produit_id, genres) 
values (13, 'ACTIONRPG');

insert into produit (activated, date_sortie, description, editeur, lien_image, prix, support, titre, id) 
values ('true','2017-10-24', 'lien/desc','Activision','../../assets/images/png/PC/Destiny 2.png', 29, 'PC', 'Destiny 2', 14);
insert into produit_genres (produit_id, genres) 
values (14, 'ACTIONRPG');

insert into produit (activated, date_sortie, description, editeur, lien_image, prix, support, titre, id) 
values ('true','2017-10-18', 'lien/desc','3909 LLC','../../assets/images/png/PC/Return of the Obra Dinn.png', 10.90, 'PC', 'Return of the Obra Dinn', 15);
insert into produit_genres (produit_id, genres) 
values (15, 'ADVENTURE');
insert into produit_genres (produit_id, genres) 
values (15, 'PUZZLE');

insert into produit (activated, date_sortie, description, editeur, lien_image, prix, support, titre, id) 
values ('true','2018-10-02', 'lien/desc','Microsoft Games Studios','../../assets/images/png/PC/Forza Horizon 4.png', 59.90, 'PC', 'Forza Horizon 4', 16);
insert into produit_genres (produit_id, genres) 
values (16, 'RACING');


insert into produit (activated, date_sortie, description, editeur, lien_image, prix, support, titre, id) 
values ('true','2018-10-02', 'lien/desc','Microsoft Games Studios','../../assets/images/png/XBOXONE/Forza Horizon 4.png', 59.90, 'XBOXONE', 'Forza Horizon 4', 17);
insert into produit_genres (produit_id, genres) 
values (17, 'RACING');

insert into produit (activated, date_sortie, description, editeur, lien_image, prix, support, titre, id) 
values ('true','2018-09-14', 'lien/desc','EA Sports','../../assets/images/png/XBOXONE/NHL 19.png', 60, 'XBOXONE', 'NHL 19', 18);
insert into produit_genres (produit_id, genres) 
values (18, 'SPORT');

insert into produit (activated, date_sortie, description, editeur, lien_image, prix, support, titre, id) 
values ('true','2018-09-14', 'lien/desc','EA Sports','../../assets/images/png/PS4/NHL 19.png', 60, 'PS4', 'NHL 19', 19);
insert into produit_genres (produit_id, genres) 
values (19, 'SPORT');

insert into produit (activated, date_sortie, description, editeur, lien_image, prix, support, titre, id) 
values ('true','2015-10-27', 'lien/desc','Microsoft Studios','../../assets/images/png/XBOXONE/Halo 5 Guardians.png', 65, 'XBOXONE', 'Halo 5: Guardians', 20);
insert into produit_genres (produit_id, genres) 
values (20, 'FPS');

insert into produit (activated, date_sortie, description, editeur, lien_image, prix, support, titre, id) 
values ('true','2015-10-27', 'lien/desc','Microsoft Studios','../../assets/images/png/XBOXONE/Halo 5 Guardians.png', 65, 'XBOXONE', 'CLONE Halo 5: Guardians CLONE ', 21);
insert into produit_genres (produit_id, genres) 
values (21, 'FPS');

insert into my_user (adresse, code_postal, email, login, nom, num_tel, password, prenom, role, ville, id) values ('5 rue bou', 75000, 'jean@email.com', 'progamer123', 'Durant', 0123456789, '$2a$10$wZmrH2fPNONMB6MOayp18OeEUTBgT6bOdYOYX3efqp5Pm4ijfxnh2', 'Jean', 'ROLE_USER', 'Paris', 100);
insert into my_user (adresse, code_postal, email, login, nom, num_tel, password, prenom, role, ville, id) values ('256 avenue très grande', 34080, 'micheline@email.com', 'login', 'Cheval', 9874563210, '$2a$10$o4fRWSP0qo00nzyPJM5LauWG0Kl8K7YRiqFBLci77bE3BceN4uP7i', 'Micheline', 'ROLE_USER', 'Montpellier', 200);
insert into my_user (adresse, code_postal, email, login, nom, num_tel, password, prenom, role, ville, id) values ('16 chemin de nul part', 34080, 'maurice@email.com', 'pseudo', 'Pouik', 0000000000, '$2a$10$qfmMn.21TKwxcSLEv.MjeOUaYxPU.75OGK3OtDgzoBHqO0WwgjtAu', 'Maurice', 'ROLE_USER', 'Montpellier', 300);
insert into my_user (adresse, code_postal, email, login, nom, num_tel, password, prenom, role, ville, id) values ('58 place de la gare', 69000, 'pierre@email.com', 'pierredu69', 'Poulet', 0251956587, '$2a$10$3xLHRgmkH9XPd8UvJE2I7e3Xsye9yjq3XbtIfQKObExTPUd1m.jSy', 'Pierre', 'ROLE_USER', 'Lyon', 400);
insert into my_user (adresse, code_postal, email, login, nom, num_tel, password, prenom, role, ville, id) values ('2 impasse de la vie', 18000, 'claire@email.com', 'kaly', 'Chime', 0625978521, '$2a$10$wE0PiBCrExgrlYCevwHWA.gT7f5h28fqR3uXfUZ5ViTdDVmzwivBC', 'Claire', 'ROLE_USER', 'Bourges', 500);
insert into my_user (adresse, code_postal, email, login, nom, num_tel, password, prenom, role, ville, id) values ('65 chemin de la destinée', 06150, 'paulette@email.com', 'paupaulette', 'Péon', 9516284987, '$2a$10$dRoNOiGolvwyIwRJ/dcaJeWkTWF/ZDhwgZtu6TFMmC6T1sg0zvAD6', 'Paulette', 'ROLE_USER', 'Cannes', 600);
insert into my_user (adresse, code_postal, email, login, nom, num_tel, password, prenom, role, ville, id) values ('87 boulevard des renards', 46800, 'marie@email.com', 'mariebrizard', 'Bouke', 5297315895, '$2a$10$jXFInGsmfpJ5Z.p8PcaagOLDtNcPvV6A0r5uNTPAh4gpauGx.uttC', 'Marie', 'ROLE_USER', 'Montcuq', 700);
insert into my_user (adresse, code_postal, email, login, nom, num_tel, password, prenom, role, ville, id) values ('1 rue de bourgogne', 29200, 'robert@email.com', 'robrob', 'Blairo', 1236547980, '$2a$10$VQ0kilfBs9JBBpt3oHE/P.xvqPM4LTj3k1Qchb2bwKsARZyIs0Cgy', 'Robert', 'ROLE_USER', 'Brest', 800);
insert into my_user (adresse, code_postal, email, login, nom, num_tel, password, prenom, role, ville, id) values ('95 chemin de terre', 70000, 'lea@email.com', 'leatpasla', 'Romulo', 9738164502, '$2a$10$clQo5UNhARMKoF21Vj9j9OCg6NPBGzeQJZhxB6TS9Je.9Pw/LWe2G', 'Léa', 'ROLE_USER', 'Vesoul', 900);
insert into my_user (adresse, code_postal, email, login, nom, num_tel, password, prenom, role, ville, id) values ('1 impasse du chateau', 12100, 'juliette@email.com', 'princesse', 'Flore', 1972345687, '$2a$10$cF3ixXhlHD8MGFo4VS25QelNqJRuKuR38KnUsS84BnlxWzZkRINW2', 'Juliette', 'ROLE_USER', 'Millau', 1000);

insert into my_user (adresse, code_postal, email, login, nom, num_tel, password, prenom, role, ville, id) values ('', 00000, '', 'admin', '', 0000000000, 'admin', '', 'ROLE_ADMIN', '', 11);